"metric","value","dataset"
KS_Value,0.3796199213630406,Train_1
KS_Value,0.26557576166537333,Test_1
KS_Value,0.2618028848086861,Train_2
KS_Value,0.2514857489387507,Test_2
KS_Value,0.3000753362382885,Train_3
KS_Value,0.30397052019248594,Test_3
KS_Value,0.33089856007486695,Train_4
KS_Value,0.32855749637631637,Test_4
KS_Value,0.2272144359411809,Train_5
KS_Value,0.23782011121633762,Test_5
KS_Value,0.327891286714693,Train
KS_Value,0.32554208283719754,Test
