"metric","value","dataset"
KS_Value,0.3692573176059415,Train_1
KS_Value,0.20744964405006922,Test_1
KS_Value,0.2631966964976105,Train_2
KS_Value,0.24707777440873252,Test_2
KS_Value,0.2974414756761389,Train_3
KS_Value,0.29736180950738816,Test_3
KS_Value,0.3178813502161103,Train_4
KS_Value,0.31482544868858814,Test_4
KS_Value,0.2324799945324335,Train_5
KS_Value,0.23919307447609328,Test_5
KS_Value,0.31639560460564403,Train
KS_Value,0.31452937848957124,Test
